id,description,sourceTypes,generatedPlateCount,storyLinkCount,metadataUseCount,presentationGroup,purposeTags,seasonTags,climateTags,formality,eraTags,settingTags,activityTags,silhouetteTags,footwearTags,componentTags,colorPalette,materials,patterns,detailTags,coverageTags,qualityFlags
existing_outfit_001,"Thick insulated bomber jacket zipped up, wool scarf wrapped at neck, warm winter gloves, snow pants, insulated winter boots, small backpack with straps.",generated_plate|metadata,1,6,1,female,casual|exploration|protective|travel,snow|winter,arctic|cold|mild,protective,modern,arctic|city,hiking,protective_suit,winter_boots,jacket|parka|pants|boots,,wool,,backpack|scarf|gloves,closed_toe|gloves_required|insulated|warm,
existing_outfit_002,Light floral jacket (hip-length) with a stand collar; breathable pale shirt underneath; comfortable shorts or lightweight pants suitable for heat; sturdy sneakers with thick soles; ankle socks; small crossbody pouch for essentials.,generated_plate|metadata,2,5,1,female,casual|exploration|travel,demi|summer,desert|hot|mild,casual,modern,city|desert,hiking,separates,sneakers,jacket|shirt|pants|shorts|sneakers,brown,cotton,floral,satchel,closed_toe,
existing_outfit_003,"Floral bomber jacket (lightweight, pastel flowers), light shirt underneath, comfortable leggings, bright sneakers, slim utility wrist-communicator band.",generated_plate|metadata,2,5,1,female,casual|sci_fi,demi,mild,casual,future|modern,city|future_city,,separates,sneakers,jacket|shirt|pants|sneakers,,cotton,floral,pockets|wrist_device,closed_toe,
existing_outfit_004,"Teal satin bomber jacket with ribbed cuffs and waistband, white T-shirt with a small star print, navy leggings, white sneakers with pastel laces, thin yellow wristband.",generated_plate|metadata,1,4,1,female,casual,demi,mild,casual,modern,city,,separates,sneakers,jacket|shirt|pants|sneakers,white|blue|yellow,cotton|satin,star_print,wrist_device,closed_toe,
existing_outfit_005,"Child-sized light-gray space jumpsuit with colorful stitched patches on elbows and knees, a teal zipper front, and a soft ribbed collar; slim utility belt; white-and-teal sneakers with velcro straps; small wrist communicator band.",generated_plate|metadata,2,4,1,female,casual|sci_fi|space|work,all_season,mild|space_controlled,costume,future|modern,city|future_city|space_station,repairing,jumpsuit,sneakers,pants|jumpsuit|sneakers,white|gray|blue,,,pockets|belt|patch|wrist_device,closed_toe,
existing_outfit_006,"A white floral-patterned bomber jacket over a simple teal shirt, dark flexible leggings, and sturdy white space-boots.",generated_plate|metadata,2,4,1,female,casual|exploration|sci_fi|space|travel,demi,mild|space_controlled,costume,future|modern,city|space_station,hiking,separates,space_boots,jacket|shirt|pants|boots,white|blue,cotton,floral,,closed_toe,
existing_outfit_007,"Yellow striped t-shirt, blue denim overalls with a small pocket on the chest, and sturdy red walking boots.",generated_plate|metadata,1,3,1,female,casual|exploration|historical|travel|work,demi,mild,costume,medieval|modern,castle|city,hiking|repairing,coveralls,hiking_boots,shirt|pants|overalls|boots,blue|yellow|red,cotton|denim,striped,pockets,closed_toe,
existing_outfit_008,"lightweight khaki short-sleeve button-up shirt, dark teal knee-length shorts, sturdy brown ankle boots, thin utility belt, small canvas crossbody satchel",generated_plate|metadata,1,3,1,female,casual|exploration|official|travel|work,demi|summer,hot|mild|tropical,smart_casual,modern,city|jungle,hiking|repairing,separates,hiking_boots,shirt|shorts|boots,blue|green|brown,cotton|canvas,,pockets|belt|satchel|buttons,closed_toe,
existing_outfit_009,"Short space jacket with high collar in teal fabric, dark utility pants with knee patches, sturdy ankle boots with light soles, slim belt with small pouches, thin fingerless gloves",generated_plate|metadata,2,3,1,female,casual|protective|sci_fi|space,snow|winter,cold|mild|space_controlled,costume,future|modern,city|space_station,,protective_suit,hiking_boots,jacket|pants|boots,blue,,,pockets|belt|satchel|gloves|patch,closed_toe|gloves_required|insulated|warm,
existing_outfit_010,"Lightweight waterproof hooded jacket, long pants, sneakers.",generated_plate|metadata,2,3,1,female,casual|protective,demi|rain,mild,protective,modern,city,,protective_suit,sneakers,jacket|pants|sneakers,,waterproof_fabric,,hood,closed_toe|waterproof,too_generic
existing_outfit_011,"lightweight hooded jacket, long pants, sturdy closed-toe hiking shoes, small backpack",generated_plate|metadata,2,3,1,female,casual|exploration|historical|travel,demi,mild,costume,medieval|modern,castle|city,hiking,separates,hiking_boots,jacket|pants,,,,hood|backpack,closed_toe,
existing_outfit_012,"Lightweight rain jacket, long pants, sturdy hiking shoes, small backpack worn on both shoulders",generated_plate|metadata,2,3,1,female,casual|exploration|historical|protective|travel,demi|rain,hot|mild|tropical,costume,medieval|modern,castle|city|jungle,hiking,protective_suit,formal_shoes,jacket|raincoat|pants,,waterproof_fabric,,backpack,closed_toe|waterproof,
existing_outfit_013,"Light sand-colored long-sleeve tunic, breathable beige trousers, sturdy brown ankle boots, pale scarf wrapped loosely around the neck, small tan crossbody canteen pouch.",generated_plate|metadata,1,3,1,female,casual|exploration|historical|protective,snow|winter,cold|desert|hot|mild,casual,medieval|modern,castle|city|desert,hiking,separates,hiking_boots,tunic|pants|boots,brown,wool,,satchel|scarf|canteen,closed_toe|insulated|warm,
existing_outfit_014,"lightweight long-sleeve adventure shirt in khaki, breathable cargo shorts, sturdy hiking boots, knee-high socks, simple canvas belt, small crossbody satchel with flap",generated_plate|metadata,1,3,1,female,casual|exploration|historical|travel,demi|summer,hot|mild|tropical,costume,medieval|modern,castle|city|jungle,hiking,separates,hiking_boots,shirt|pants|shorts|boots,green,cotton|canvas,,belt|satchel,closed_toe,
existing_outfit_015,"Cozy knit sweater, knee-length skirt, warm tights, comfortable lace-up ankle boots, small crossbody satchel bag.",generated_plate|metadata,2,3,1,female,casual|exploration|travel,demi,mild,casual,modern,city|library,hiking|investigating,skirt_set,hiking_boots,sweater|skirt|boots,,wool|canvas,,satchel,closed_toe,
existing_outfit_016,"Teal insulated winter parka with a high collar and hood, thick knitted scarf in warm colors, dark snow pants, white sneakers, warm gloves; a folded paper map tucked into a parka pocket with a corner visible.",generated_plate|metadata,2,3,1,female,casual|exploration|protective|travel,snow|winter,cold|hot|mild|tropical,protective,modern,city|jungle,hiking,protective_suit,sneakers,jacket|parka|pants|sneakers,white|blue,wool,,hood|pockets|scarf|gloves,closed_toe|gloves_required|insulated|warm,
existing_outfit_017,"Light floral bomber jacket (zippered), breathable tan hiking pants, sturdy ankle-high desert boots, small canteen slung crossbody with a thin strap.",generated_plate|metadata,2,3,1,female,casual|exploration|historical|travel,demi,desert|hot|mild,costume,medieval|modern,castle|city|desert,hiking,separates,hiking_boots,jacket|pants|boots,brown,,floral,satchel|canteen,closed_toe,
existing_outfit_018,"Floral bomber jacket, light shirt, comfortable shorts, sturdy walking sneakers, small crossbody pouch",generated_plate|metadata,1,3,1,female,casual|historical,demi|summer,mild,costume,medieval|modern,castle|city,,separates,sneakers,jacket|shirt|shorts|sneakers,,cotton,floral,satchel,closed_toe,
existing_outfit_019,"Lightweight zip-up jacket with a colorful floral print, comfortable shorts, sturdy lace-up walking shoes, ankle socks, small backpack worn on both shoulders.",generated_plate|metadata,2,3,1,female,casual|exploration|historical|travel,demi|summer,hot|mild|tropical,costume,medieval|modern,castle|city|jungle,hiking,separates,formal_shoes,jacket|shorts,,,floral,backpack,closed_toe,
existing_outfit_020,"Floral bomber jacket, comfortable leggings, white sneakers.",generated_plate|metadata,2,3,1,female,casual,demi,mild,casual,modern,city,,separates,sneakers,jacket|pants|sneakers,white,,floral,,closed_toe,too_generic
existing_outfit_021,"Bright zip-up jacket, lightweight shirt, fitted pants, sturdy ankle boots, small crossbody satchel bag.",generated_plate|metadata,2,3,1,female,casual|exploration|travel,demi,mild,casual,modern,city,hiking,separates,hiking_boots,jacket|shirt|pants|boots,,cotton|canvas,,satchel,closed_toe,
existing_outfit_022,"Light blue hooded jacket with wooden toggle buttons, white shirt collar peeking out, knee-length navy skirt, white tights, brown ankle boots, small tan crossbody satchel worn across the torso.",generated_plate|metadata,2,3,1,female,casual|exploration|historical|travel,demi,mild,costume,medieval|modern,castle|city,hiking,skirt_set,hiking_boots,jacket|shirt|skirt|boots,white|blue|brown,cotton|canvas,,hood|satchel|buttons,closed_toe,
existing_outfit_023,"Light floral-patterned jacket with front pockets, comfortable leggings, white sneakers, small backpack worn on both shoulders.",generated_plate|metadata,2,3,1,female,casual|exploration|travel,demi,mild,casual,modern,city,hiking,separates,sneakers,jacket|pants|sneakers,white,,floral,pockets|backpack,closed_toe,
existing_outfit_024,"Bright floral bomber jacket, comfortable leggings, sturdy sneakers, small backpack with shoulder straps worn on both shoulders.",generated_plate|metadata,2,3,1,female,casual|exploration|travel,demi,mild,casual,modern,city,hiking,separates,sneakers,jacket|pants|sneakers,,,floral,backpack,closed_toe,
existing_outfit_025,"A bright floral jacket with embroidered flower patterns, a light yellow shirt underneath, teal knee-length skirt, white tights, and brown ankle boots.",generated_plate|metadata,1,3,1,female,casual,demi,mild,casual,modern,city,,skirt_set,hiking_boots,jacket|shirt|skirt|boots,white|blue|yellow|brown,cotton,floral|embroidered,,closed_toe,
existing_outfit_026,"Light teal bomber jacket with ribbed cuffs and hem, white T-shirt, coral knee-length skirt, white ankle socks, yellow sneakers; small pockets on the bomber",generated_plate|metadata,2,3,1,female,casual,demi,mild,casual,modern,city,,skirt_set,sneakers,jacket|shirt|skirt|sneakers,white|blue|yellow|orange,cotton,,pockets,closed_toe,
existing_outfit_027,"Light pink bomber jacket with ribbed cuffs and hem, white T-shirt, knee-length denim skirt, white ankle socks, white sneakers",generated_plate|metadata,1,3,1,female,casual|school,demi,mild,casual,modern,city|school,,skirt_set,sneakers,jacket|shirt|skirt|sneakers,white|pink,cotton|denim,,,closed_toe,
existing_outfit_028,"Floral bomber jacket (light base color with small flower pattern), zipped up; comfortable trousers with deep pockets; sturdy ankle boots with thick soles suitable for stone surfaces; simple belt; small practical flashlight carried in a pocket (not in hands unless shown).",generated_plate|metadata,2,3,1,female,casual,demi,mild,casual,modern,city,,separates,hiking_boots,jacket|pants|boots,,,floral,pockets|belt,closed_toe,
existing_outfit_029,"A vibrant floral-patterned bomber jacket over a simple white t-shirt, dark blue cargo trousers with many pockets, and clean white sneakers.",generated_plate|metadata,2,3,1,female,casual|exploration|travel,demi,mild,casual,modern,city,hiking,separates,sneakers,jacket|shirt|pants|sneakers,white|blue,cotton,floral,pockets,closed_toe,
existing_outfit_030,"Dark floral jacket with long sleeves, comfortable black and white patterned trousers, and sturdy walking sandals.",generated_plate|metadata,1,3,1,female,casual|exploration|historical|travel,demi|summer,mild,costume,medieval|modern,castle|city,hiking,separates,sandals,jacket|pants|sandals,black|white|brown,,floral,,open_toe,
existing_outfit_031,A blue sweater and green trousers.,generated_plate|metadata,1,3,1,unisex,casual,demi,mild,casual,modern,city,,separates,unspecified_footwear,sweater|pants,blue|green,wool,,,,too_generic
existing_outfit_032,"comfortable pink t-shirt with a star graphic, blue denim overalls, white socks. Пес Мімік [ID: d9a2d632-b29b-4305-8cb3-ef5347342de0]: natural appearance. Догіхант [ID: a07bc0d1-3e57-4425-a240-9846ee91cbc8]: natural appearance, purple bucket hat with a blue bow, rainbow butterfly wings with flowers.",generated_plate,1,4,0,female,casual|protective|work,rain,mild,casual,modern,city,repairing,coveralls|protective_suit,unspecified_footwear,shirt|pants|overalls,white|blue|pink|purple,cotton|denim,floral,hat,waterproof,likely_serialized_multi_character_outfit_text|mixed_with_identity_or_natural_appearance
existing_outfit_033,"Bright yellow rain jacket, sturdy brown hiking boots, and a small green backpack with patches.",generated_plate|metadata,1,2,1,female,casual|exploration|historical|protective|travel,demi|rain,mild,costume,medieval|modern,castle|city,hiking,protective_suit,hiking_boots,jacket|raincoat|boots,green|yellow|brown,waterproof_fabric,,backpack|patch,closed_toe|waterproof,
existing_outfit_034,A yellow sweater with a blue overall dress and small brown boots.,generated_plate|metadata,1,2,1,female,casual,demi,mild,casual,modern,city,,dress,boots,sweater|dress|boots,blue|yellow|brown,wool,,,closed_toe,
existing_outfit_035,"A beige explorer vest with many pockets, green cargo pants, sturdy brown hiking boots, and a small yellow backpack.",generated_plate|metadata,1,2,1,female,casual|exploration|historical|travel,demi,mild,costume,medieval|modern,castle|city,hiking,separates,hiking_boots,vest|pants|boots,green|yellow|brown,,,pockets|backpack,closed_toe,
existing_outfit_036,"lightweight space-station jumpsuit in teal with darker knee patches, zip front, small mission patch on chest, white-soled sneakers",generated_plate|metadata,2,2,1,female,casual|sci_fi|space,all_season,mild|space_controlled,costume,future|modern,city|space_station,,jumpsuit,sneakers,pants|jumpsuit|sneakers,white|blue,,,patch,closed_toe,
existing_outfit_037,"Lightweight bomber jacket with front zipper and ribbed cuffs, simple T-shirt, comfortable jeans, sturdy sneakers; small crossbody pouch worn at the hip",generated_plate|metadata,2,2,1,female,casual,demi,mild,casual,modern,city,,separates,sneakers,jacket|shirt|pants|sneakers,,cotton|denim,,satchel,closed_toe,
existing_outfit_038,"lightweight hooded jacket, long pants, comfortable sneakers, small crossbody bag",generated_plate|metadata,1,2,1,female,casual|school,demi,mild,casual,modern,city|school,,separates,sneakers,jacket|pants|sneakers,,,,hood|satchel,closed_toe,
existing_outfit_039,"Forest-travel outfit: light hooded jacket, long pants/leggings, sturdy ankle boots, small crossbody satchel worn at the hip.",generated_plate|metadata,1,2,1,female,casual|exploration|travel,demi,mild,casual,modern,city,hiking,separates,hiking_boots,jacket|pants|boots,,canvas,,hood|satchel,closed_toe,
existing_outfit_040,"child-sized light space suit with padded jacket and pants, utility belt, small backpack life-support unit, sturdy ankle boots, simple gloves",generated_plate|metadata,1,2,1,female,casual|exploration|protective|sci_fi|space|travel|work,snow|winter,cold|mild|space_controlled|space_eva,protective,future|modern,city|space_station,hiking|repairing|spacewalk,protective_suit|spacesuit,hiking_boots,jacket|pants|boots,,,,pockets|belt|backpack|gloves,closed_toe|gloves_required|insulated|warm,
existing_outfit_041,"Bright teal bomber jacket with reflective piping, white T-shirt, purple leggings, chunky white sneakers with neon laces, slim smartwatch on left wrist.",generated_plate|metadata,2,2,1,female,casual|sci_fi,demi,mild,casual,future|modern,city|future_city,,separates,sneakers,jacket|shirt|pants|sneakers,white|blue|purple,cotton,,reflective_trim|wrist_device,closed_toe,
existing_outfit_042,"Light yellow short-sleeve hoodie, turquoise knee-length shorts, white ankle socks, pink-and-white sneakers, small crossbody pouch with a simple clasp",generated_plate|metadata,1,2,1,female,casual,demi|summer,mild,casual,modern,city,,separates,sneakers,hoodie|shorts|sneakers,white|blue|yellow|pink,,,hood|satchel,closed_toe,
existing_outfit_043,"Light yellow sleeveless summer dress with a soft tulle-like skirt layer, white ankle socks, and pink sneakers; small star-shaped hair clip; no coat or hat.",generated_plate|metadata,1,2,1,female,casual,summer,mild,casual,modern,city,,dress|skirt_set,sneakers,jacket|dress|skirt|sneakers,white|yellow|pink,,star_print,hat,closed_toe,
existing_outfit_044,"Bright floral jacket (spring weight) with multicolored flower print, light yellow hoodie underneath, teal leggings, white sneakers with pink accents, small crossbody satchel bag with a simple clasp.",generated_plate|metadata,2,2,1,female,casual|exploration|travel,demi,mild,casual,modern,city,hiking,separates,sneakers,hoodie|jacket|pants|sneakers,white|blue|yellow|pink,canvas,floral,hood|satchel,closed_toe,
existing_outfit_045,"A navy blue bomber jacket with colorful floral embroidery, light-colored pants with a subtle geometric pattern, and bright pink sneakers.",generated_plate|metadata,2,2,1,female,casual|exploration|travel,demi,mild,casual,modern,city,hiking,separates,sneakers,jacket|pants|sneakers,blue|pink,,floral|geometric|embroidered,,closed_toe,
existing_outfit_046,"A bright floral-patterned jacket over a simple white t-shirt, dark blue utility trousers, and sturdy silver space boots.",generated_plate|metadata,1,2,1,female,casual|sci_fi|space,demi,mild|space_controlled,costume,future|modern,city|future_city|space_station,,separates,space_boots,jacket|shirt|pants|boots,white|gray|blue,cotton|metallic_fabric,floral,pockets|hat,closed_toe,
existing_outfit_047,"A bright floral-patterned bomber jacket worn over a white t-shirt, blue denim jeans, and pink canvas sneakers.",generated_plate|metadata,2,2,1,female,casual,demi,mild,casual,modern,city,,separates,sneakers,jacket|shirt|pants|sneakers,white|blue|pink,cotton|denim|canvas,floral,,closed_toe,
existing_outfit_048,"A yellow cotton sundress worn under a bright orange inflatable life jacket, with a black-rimmed snorkeling mask pushed up onto her forehead.",generated_plate|metadata,1,2,1,female,casual|swim|travel,demi|summer,coastal|mild|underwater,casual,modern,beach|city|coast|underwater,diving|swimming,dress,unspecified_footwear,jacket|dress,black|yellow|orange,cotton,,goggles|life_vest,,
existing_outfit_049,"A navy blue polo shirt, khaki cargo shorts, and brown boat shoes.",generated_plate|metadata,1,2,1,male,casual|exploration|official|swim|travel,summer,coastal|hot|mild|tropical,casual,modern,beach|city|coast|harbor|jungle|ship,hiking|sailing|swimming,separates,deck_shoes,shirt|pants|shorts|deck_shoes,blue|green|brown,cotton,,,closed_toe,
existing_outfit_050,"A simple yellow cotton sundress and brown leather sandals. She carries a small, old, leather-bound diary.",generated_plate|metadata,1,2,1,female,casual,summer,mild,casual,modern,city,,dress,sandals,dress|sandals,yellow|brown,cotton|leather_like,,,open_toe,
existing_outfit_051,"A lightweight yellow long-sleeved top, dark blue hiking shorts, and sturdy brown walking sandals.",generated_plate|metadata,1,2,1,female,casual|exploration|historical|travel,summer,mild,costume,medieval|modern,castle|city,hiking,separates,sandals,shirt|shorts|sandals,blue|yellow|brown,,,,open_toe,
existing_outfit_052,A dark blue adult life vest over black swim shorts.,generated_plate|metadata,1,2,1,male,casual|swim|travel,summer,coastal|mild,protective,modern,beach|city|coast,kayaking|swimming,protective_suit,unspecified_footwear,vest|shorts,black|blue,,,life_vest,,
existing_outfit_053,A bright orange child's life vest over a blue swimsuit. Barefoot.,generated_plate|metadata,1,2,1,female,casual|swim|travel,summer,coastal|mild,protective,modern,beach|city|coast,kayaking|swimming,protective_suit|swimwear,barefoot,vest|swimwear,blue|orange,,,life_vest,open_toe,
existing_outfit_054,"A yellow waterproof jacket over a light blue and white striped long-sleeved top, comfortable denim shorts, and blue rubber boots.",generated_plate|metadata,1,2,1,female,casual|protective|swim|travel,demi|rain|summer,coastal|mild,protective,modern,beach|city|coast|harbor|ship,sailing|swimming,protective_suit,rain_boots,jacket|shirt|shorts|boots,white|blue|yellow,denim|waterproof_fabric|rubber,striped,,closed_toe|waterproof,
existing_outfit_055,"A light blue and white striped long-sleeved top, comfortable denim shorts, and white sneakers.",generated_plate|metadata,1,2,1,female,casual,summer,mild,casual,modern,city,,separates,sneakers,shirt|shorts|sneakers,white|blue,denim,striped,,closed_toe,
existing_outfit_056,"a knee-length, comfortable light blue dress with short puff sleeves, a simple white collar, and white Mary Jane shoes. Her braided hair with pink and blue streaks is tied with a ribbon. Сяйвик [ID: c9e5b476-2fd8-4ab6-8148-d336be03821a]: natural appearance",generated_plate,1,3,0,female,casual,all_season,mild,casual,modern,city,,dress,formal_shoes,dress,white|blue|pink,,,,closed_toe,likely_serialized_multi_character_outfit_text|mixed_with_identity_or_natural_appearance
existing_outfit_057,"Dark blue waterproof jacket with embroidered floral patterns in pink and green, black and white striped adventure pants, sturdy brown boots. Her long light hair with pink and blue strands is in a high ponytail. She carries a rolled-up scroll. Сяйвик [ID: c9e5b476-2fd8-4ab6-8148-d336be03821a]: natural appearance.",generated_plate,1,3,0,female,casual|exploration|protective|travel,demi|rain,mild,protective,modern,city,hiking,protective_suit,boots,jacket|pants|boots,black|white|blue|green|pink|brown,waterproof_fabric,floral|striped|embroidered,,closed_toe|waterproof,likely_serialized_multi_character_outfit_text|mixed_with_identity_or_natural_appearance
existing_outfit_058,"Lightweight hoodie, comfortable leggings, sturdy sneakers, small crossbody pouch",generated_plate|metadata,1,1,1,female,casual,demi,mild,casual,modern,city,,separates,sneakers,hoodie|pants|sneakers,,,,hood|satchel,closed_toe,
existing_outfit_059,"lightweight pale-grey space-farming coveralls with reinforced knees, slim utility belt, soft-soled dark boots, thin work gloves, small hip pouch with flap",generated_plate|metadata,1,1,1,female,casual|protective|sci_fi|space|work,snow|winter,cold|mild|space_controlled,costume,future|modern,city|space_station,repairing,coveralls|protective_suit,boots,pants|overalls|coveralls|boots,white|gray,,,pockets|belt|satchel|gloves,closed_toe|gloves_required|insulated|warm,
existing_outfit_060,"pale-grey space-farming coveralls, short padded vest, dark ankle boots with grippy soles, thin gloves, small hip pouch; a smooth palm-sized glowing light-stone carried in one pocket",generated_plate|metadata,1,1,1,female,casual|protective|sci_fi|space|work,snow|winter,cold|mild|space_controlled,costume,future|modern,city|space_station,repairing,coveralls|protective_suit,hiking_boots,vest|pants|overalls|coveralls|boots,white|gray,,,pockets|satchel|gloves,closed_toe|gloves_required|insulated|warm,
existing_outfit_061,"brown tweed jacket, light cream button-up shirt, dark olive knit cardigan vest, charcoal trousers, brown leather shoes, large round eyeglasses",generated_plate|metadata,1,1,1,unisex,casual|official,demi|indoor,mild,smart_casual,modern,city|home|museum,investigating,separates,formal_shoes,jacket|sweater|shirt|vest|pants,white|gray|green|brown,cotton|wool|leather_like,,goggles|buttons,closed_toe,
existing_outfit_062,"lightweight long-sleeve shirt, breathable light trousers, comfortable walking sneakers, wide-brim sun hat, small backpack worn on both shoulders",generated_plate|metadata,1,1,1,female,casual|exploration|historical|travel,summer,desert|hot|mild,costume,medieval|modern,castle|city|desert,hiking,separates,sneakers,shirt|pants|sneakers,,cotton,,backpack|hat,closed_toe,
existing_outfit_063,"Bright bomber jacket with warm lining, fitted hiking pants, sturdy ankle-high hiking boots, light gloves, small backpack with simple straps.",generated_plate|metadata,1,1,1,female,casual|exploration|historical|protective|travel,snow|winter,cold|mild,costume,medieval|modern,castle|city,hiking,protective_suit,hiking_boots,jacket|pants|boots,,,,backpack|gloves,closed_toe|gloves_required|insulated|warm,
existing_outfit_064,"Simple long monastery robe with rope belt, worn sandals, wooden-bead bracelet; carries a heavy wooden staff.",generated_plate|metadata,1,1,1,male,casual|historical|magic,summer,mild,costume,fantasy|medieval|modern,castle|city|library,investigating,robe,sandals,robe|sandals,brown,,,belt|staff,open_toe,
existing_outfit_065,"Soft knitted mustard-yellow sweater, teal pleated skirt, warm dark leggings, brown ankle boots with small side buckles.",generated_plate|metadata,1,1,1,female,casual,demi,mild,casual,modern,city,,skirt_set,hiking_boots,sweater|skirt|pants|boots,blue|yellow|brown,wool|leather_like,,,closed_toe,
existing_outfit_066,"Bright sporty T-shirt with simple geometric stripes, lightweight running shorts, ankle socks, colorful running sneakers, and a thin sporty wristband.",generated_plate|metadata,1,1,1,female,casual,summer,mild,casual,modern,city,,separates,sneakers,shirt|shorts|sneakers,,cotton,striped|geometric,wrist_device,closed_toe,
existing_outfit_067,"Brown linen tunic with a rope belt, dark green trousers, worn leather ankle boots, soft cloth cap, leather strap supporting a wooden lute.",generated_plate|metadata,1,1,1,male,casual|historical,demi,mild,casual,medieval|modern,castle|city,,separates,hiking_boots,tunic|pants|boots,green|brown,leather_like,,belt|hat,closed_toe,
existing_outfit_068,"A bright floral-patterned jacket, dark blue utility trousers, silver space boots, and a shimmering crystal star amulet hanging from a silver cord around her neck.",generated_plate|metadata,1,1,1,female,casual|magic|sci_fi|space,demi,mild|space_controlled,costume,fantasy|future|modern,city|future_city|space_station,,separates,space_boots,jacket|pants|boots,gray|blue,metallic_fabric,floral|star_print,pockets|amulet,closed_toe,
existing_outfit_069,"A simple white short-sleeved t-shirt, blue denim jeans, and pink canvas sneakers.",generated_plate|metadata,1,1,1,female,casual,all_season,mild,casual,modern,city,,separates,sneakers,shirt|pants|sneakers,white|blue|pink,cotton|denim|canvas,,,closed_toe,
existing_outfit_070,A comfortable light grey t-shirt and dark blue trousers.,generated_plate|metadata,1,1,1,male,casual,all_season,mild,casual,modern,city,,separates,unspecified_footwear,shirt|pants,white|gray|blue,cotton,,,,
existing_outfit_071,"A light green t-shirt, beige cargo shorts, and blue boat shoes.",generated_plate|metadata,1,1,1,male,casual|exploration|swim|travel,summer,coastal|mild,casual,modern,beach|city|coast|harbor|ship,hiking|sailing|swimming,separates,deck_shoes,shirt|pants|shorts|deck_shoes,blue|green|brown,cotton,,,closed_toe,
existing_outfit_072,"A colorful one-piece swimsuit, with a blue diving mask and snorkel.",generated_plate|metadata,1,1,1,female,casual|swim|travel,summer,coastal|mild|underwater,casual,modern,beach|city|coast|harbor|ship|underwater,diving|sailing|swimming,swimwear,unspecified_footwear,swimwear,blue,,,goggles,,
existing_outfit_073,"Soft, light blue pajamas with a small star pattern.",generated_plate|metadata,1,1,1,female,casual,all_season,mild,casual,modern,city,,separates,unspecified_footwear,,blue,,,,,
existing_outfit_074,"A dark floral bomber jacket with a zipper, and white athletic sneakers.",generated_plate|metadata,1,1,1,female,casual,demi,mild,casual,modern,city,,separates,sneakers,jacket|sneakers,white,,floral,,closed_toe,
existing_outfit_075,"A light, flowy white tunic over a blue swimsuit, with a wide-brimmed straw hat. Barefoot.",generated_plate|metadata,1,1,1,female,casual|historical|swim|travel,summer,coastal|mild,casual,medieval|modern,beach|castle|city|coast,swimming,swimwear,barefoot,tunic|swimwear,white|blue,,,hat,open_toe,
existing_outfit_076,A light green t-shirt and khaki swim trunks. Barefoot.,generated_plate|metadata,1,1,1,male,casual|exploration|swim|travel,summer,coastal|hot|mild|tropical,casual,modern,beach|city|coast|jungle,hiking|swimming,swimwear,barefoot,shirt|shorts|swimwear,green,cotton,,,open_toe,
existing_outfit_077,A light blue and white striped t-shirt and comfortable denim shorts. Barefoot.,generated_plate|metadata,1,1,1,female,casual|swim|travel,summer,coastal|mild,casual,modern,beach|city|coast,swimming,separates,barefoot,shirt|shorts,white|blue,cotton|denim,striped,,open_toe,
existing_outfit_078,"a light yellow sundress with small white floral patterns, bare feet. Бінбон [ID: 0c1ead4f-0ac3-43ab-b458-18f490e985ee]: blue sweater, green pants, natural appearance.",generated_plate,2,2,0,female,casual,demi|summer,mild,casual,modern,city,,dress,unspecified_footwear,sweater|dress|pants,white|blue|green|yellow,wool,floral,,,likely_serialized_multi_character_outfit_text|mixed_with_identity_or_natural_appearance
existing_outfit_079,"light blue long-sleeved shirt, dark blue denim overalls, white socks, red sneakers. Сяйвик [ID: c9e5b476-2fd8-4ab6-8148-d336be03821a]: natural appearance",generated_plate,1,2,0,female,casual|work,all_season,mild,casual,modern,city,repairing,coveralls,sneakers,shirt|pants|overalls|sneakers,white|blue|red,cotton|denim,,,closed_toe,likely_serialized_multi_character_outfit_text|mixed_with_identity_or_natural_appearance
existing_outfit_080,"light blue button-up shirt, dark brown trousers, comfortable brown slippers.",generated_plate,1,1,0,male,casual|official,indoor,mild,smart_casual,modern,city|home,,separates,slippers,shirt|pants|slippers,blue|brown,cotton,,buttons,,
existing_outfit_081,"light blue long-sleeved shirt, dark blue denim overalls, white socks, red sneakers. Сяйвик [ID: c9e5b476-2fd8-4ab6-8148-d336be03821a]: natural appearance. Старий, мудрий гном: earthy-toned tunic, brown trousers, leather boots, and a pointed green hat. He carries a gnarled wooden staff.",generated_plate,1,1,0,female,casual|historical|work,demi,mild,casual,medieval|modern,castle|city,repairing,coveralls,sneakers,shirt|tunic|pants|overalls|boots|sneakers,white|blue|green|red|brown,cotton|denim|leather_like,,hat|staff,closed_toe,likely_serialized_multi_character_outfit_text|mixed_with_identity_or_natural_appearance
existing_outfit_082,"white baker's apron over a simple green dress, comfortable brown shoes, hair tied back with a white scarf. Сяйвик [ID: c9e5b476-2fd8-4ab6-8148-d336be03821a]: natural appearance",generated_plate,1,1,0,female,casual|protective,snow|winter,cold|mild,casual,modern,city,,dress,formal_shoes,dress,white|green|brown,wool,,scarf,closed_toe|insulated|warm,likely_serialized_multi_character_outfit_text|mixed_with_identity_or_natural_appearance
existing_outfit_083,"light blue long-sleeved shirt, dark blue denim overalls, white socks, red sneakers",generated_plate,1,1,0,female,casual|work,all_season,mild,casual,modern,city,repairing,coveralls,sneakers,shirt|pants|overalls|sneakers,white|blue|red,cotton|denim,,,closed_toe,
existing_outfit_084,"a royal blue velvet tunic with gold embroidery, white breeches, and polished black leather boots. He wears a simple gold crown.",generated_plate,1,1,0,unisex,casual|historical,demi,mild,casual,medieval|modern,castle|city,,separates,boots,tunic|boots,black|white|blue|yellow|brown,leather_like,embroidered,,closed_toe,
existing_outfit_085,"a long, flowing grey librarian's robe with wide sleeves, dark trousers, and worn leather slippers. He wears round spectacles.",generated_plate,1,1,0,unisex,casual|historical,indoor,mild,costume,medieval|modern,castle|city|home|library,investigating,robe,slippers,pants|robe|slippers,gray|brown,leather_like,,,,
existing_outfit_086,"a worn brown tunic over a cream-colored shirt, dark trousers, and simple leather boots. He carries a wooden lute slung over his shoulder.",generated_plate,1,1,0,unisex,casual|historical,demi,mild,casual,medieval|modern,castle|city,,separates,boots,shirt|tunic|pants|boots,white|brown,cotton|leather_like,,,closed_toe,
existing_outfit_087,"a knee-length, comfortable light blue dress with short puff sleeves, a simple white collar, and white Mary Jane shoes. Her braided hair with pink and blue streaks is tied with a ribbon",generated_plate,1,1,0,female,casual,all_season,mild,casual,modern,city,,dress,formal_shoes,dress,white|blue|pink,,,,closed_toe,
existing_outfit_088,"Polished silver armor with the crest of the Kingdom of Harmony on their chests, holding long spears.",generated_plate,1,1,0,male,casual|historical,all_season,mild,protective,medieval|modern,castle|city,,armor_inspired,unspecified_footwear,armor,gray,metallic_fabric,,,,
existing_outfit_089,"Royal purple gown with silver embroidery, a subtle silver crown, elegant silver necklace.",generated_plate,1,1,0,unisex,casual,all_season,mild,casual,modern,city,,dress,unspecified_footwear,dress,gray|purple,metallic_fabric,embroidered,,,
existing_outfit_090,"age-appropriate child swimwear suitable for swimming, bare feet, no jacket or coat",metadata,0,0,6,female,casual|swim|travel,demi|summer,coastal|mild,casual,modern,beach|city|coast,swimming,swimwear,unspecified_footwear,jacket|swimwear,,,,,,metadata_only_no_generated_plate
existing_outfit_091,age-appropriate everyday clothes suitable for the current scene,metadata,0,0,2,female,casual,all_season,mild,casual,modern,city,,separates,unspecified_footwear,,,,,,,metadata_only_no_generated_plate|placeholder_description
existing_outfit_092,natural appearance with a small crystal star amulet tied to his wooden branch with a green ribbon,metadata,0,0,1,unisex,casual|magic,all_season,mild,casual,fantasy|modern,city,,separates,unspecified_footwear,,green,,star_print,amulet,,metadata_only_no_generated_plate|mixed_with_identity_or_natural_appearance
existing_outfit_093,"Long, flowing silver robes with crystal buttons that catch the light, and soft grey slippers.",metadata,0,0,1,unisex,casual|historical|magic,indoor,mild,costume,fantasy|medieval|modern,castle|city|home,,robe,slippers,robe|slippers,gray,metallic_fabric,,hat|buttons|amulet,,metadata_only_no_generated_plate
existing_outfit_094,"A bright blue long-sleeved sweater, green pants, and yellow shoes.",metadata,0,0,1,unisex,casual,demi,mild,casual,modern,city,,separates,formal_shoes,sweater|pants,blue|green|yellow,wool,,,closed_toe,metadata_only_no_generated_plate
existing_outfit_095,"Light blue short-sleeved t-shirt, pink denim shorts, white canvas sneakers with pink laces.",metadata,0,0,1,female,casual|swim|travel,summer,coastal|mild,casual,modern,beach|city|coast,swimming,separates,sneakers,shirt|shorts|sneakers,white|blue|pink,cotton|denim|canvas,,,closed_toe,metadata_only_no_generated_plate
existing_outfit_096,"Bright blue one-piece swimsuit with a playful starfish pattern, yellow inflatable life vest.",metadata,0,0,1,female,casual|swim|travel,summer,coastal|mild,protective,modern,beach|city|coast,swimming,protective_suit|swimwear,unspecified_footwear,vest|swimwear,blue|yellow,,,life_vest,,metadata_only_no_generated_plate
existing_outfit_097,"Flowy light green sundress, wide-brimmed straw hat, comfortable brown leather sandals.",metadata,0,0,1,female,casual|swim|travel,summer,coastal|mild,casual,modern,beach|city|coast,swimming,dress,sandals,dress|sandals,green|brown,leather_like,,hat,open_toe,metadata_only_no_generated_plate
existing_outfit_098,"Navy blue one-piece swimsuit, white wide-brimmed sun hat, red inflatable life vest.",metadata,0,0,1,female,casual|exploration|swim|travel,summer,coastal|desert|hot|mild,protective,modern,beach|city|coast|desert,hiking|swimming,protective_suit|swimwear,unspecified_footwear,vest|swimwear,white|blue|red,,,hat|life_vest,,metadata_only_no_generated_plate
existing_outfit_099,"A long, heavy cloak made of shimmering metallic fabric that changes colors as it moves, and a matching round silver helmet which he holds in his hands.",metadata,0,0,1,unisex,casual,all_season,mild|space_eva,protective,modern,city,spacewalk,protective_suit|spacesuit,unspecified_footwear,,gray,metallic_fabric,,hat,helmet_or_eye_protection,metadata_only_no_generated_plate
existing_outfit_100,"A light blue short-sleeved t-shirt and comfortable denim shorts, with white sneakers.",metadata,0,0,1,female,casual,summer,mild,casual,modern,city,,separates,sneakers,shirt|shorts|sneakers,white|blue,cotton|denim,,,closed_toe,metadata_only_no_generated_plate
existing_outfit_101,A crisp white collared shirt with rolled-up sleeves and dark grey trousers.,metadata,0,0,1,unisex,casual,all_season,mild,casual,modern,city,,separates,unspecified_footwear,shirt|pants,white|gray,cotton,,,,metadata_only_no_generated_plate
existing_outfit_102,"A light blue long-sleeved shirt with rolled-up sleeves, dark blue denim overalls with pockets, and bright red lace-up sneakers. She carries a small, practical fabric backpack over her shoulders.",metadata,0,0,1,female,casual|exploration|travel|work,all_season,mild,casual,modern,city,hiking|repairing,coveralls,sneakers,shirt|pants|overalls|sneakers,blue|red,cotton|denim,,pockets|backpack,closed_toe,metadata_only_no_generated_plate
existing_outfit_103,"A bright blue knitted sweater with a ribbed collar and cuffs, and comfortable green pants.",metadata,0,0,1,unisex,casual,demi,mild,casual,modern,city,,separates,unspecified_footwear,sweater|pants,blue|green,wool,,,,metadata_only_no_generated_plate
existing_outfit_104,"Natural appearance, bright, colorful green, blue, and red feathers. A small, black pirate eyepatch on its left eye.",metadata,0,0,1,unisex,casual,all_season,mild,costume,modern,city,,separates,unspecified_footwear,,black|blue|green|red,,,patch,,metadata_only_no_generated_plate|mixed_with_identity_or_natural_appearance
existing_outfit_105,"A practical, patterned apron over a simple, long-sleeved floral dress, a colorful headscarf tied neatly around her head, and sturdy, comfortable brown work shoes.",metadata,0,0,1,female,casual|protective|work,snow|winter,cold|mild,casual,modern,city,repairing,dress,formal_shoes,dress,brown,wool,floral,scarf,closed_toe|insulated|warm,metadata_only_no_generated_plate
existing_outfit_106,"Leaf-green tunic with a petal-shaped collar, thin brown belt with a tiny pouch, bare feet",metadata,0,0,1,unisex,casual|historical,all_season,mild,casual,medieval|modern,castle|city,,separates,unspecified_footwear,tunic,green|brown,,,belt|satchel,,metadata_only_no_generated_plate
existing_outfit_107,"Deep burgundy robe with gold trim, cream under-tunic sleeves visible at wrists, gold crown with small colored gems, polished leather shoes.",metadata,0,0,1,male,casual|historical,all_season,mild,costume,medieval|modern,castle|city,,robe,formal_shoes,tunic|robe,white|yellow|red|brown,leather_like,,wrist_device,closed_toe,metadata_only_no_generated_plate
existing_outfit_108,Purple panama hat; otherwise natural appearance.,metadata,0,0,1,unisex,casual,all_season,mild,casual,modern,city,,separates,unspecified_footwear,,purple,,,hat,,metadata_only_no_generated_plate|mixed_with_identity_or_natural_appearance|too_generic
existing_outfit_109,A bright blue knitted sweater and four small yellow rain boots on his green feet.,metadata,0,0,1,unisex,casual|protective,demi|rain,mild,casual,modern,city,,protective_suit,rain_boots,sweater|boots,blue|green|yellow|brown,wool|rubber,,,closed_toe|waterproof,metadata_only_no_generated_plate
existing_outfit_110,"A light blue long-sleeved shirt, comfortable denim shorts, and white sneakers.",metadata,0,0,1,female,casual,summer,mild,casual,modern,city|museum,investigating,separates,sneakers,shirt|shorts|sneakers,white|blue,cotton|denim,,,closed_toe,metadata_only_no_generated_plate
existing_outfit_111,"A bright yellow waterproof jacket, dark blue cargo pants, and sturdy waterproof boots. She carries a small waterproof backpack.",metadata,0,0,1,female,casual|exploration|protective|travel,demi|rain,mild,protective,modern,city,hiking,protective_suit,boots,jacket|pants|boots,blue|yellow,waterproof_fabric,,backpack,closed_toe|waterproof,metadata_only_no_generated_plate
existing_outfit_112,"A soft, comfortable purple long-sleeved top and grey leggings.",metadata,0,0,1,female,casual|swim|travel,demi,coastal|mild|underwater,casual,modern,beach|city|coast|underwater,diving|swimming,separates,unspecified_footwear,shirt|pants,gray|purple,,,,,metadata_only_no_generated_plate
existing_outfit_113,"A light blue button-up shirt, khaki shorts, and brown deck shoes.",metadata,0,0,1,male,casual|exploration|official|swim|travel,summer,coastal|hot|mild|tropical,smart_casual,modern,beach|city|coast|harbor|jungle|ship,hiking|sailing|swimming,separates,deck_shoes,shirt|shorts|deck_shoes,blue|green|brown,cotton,,buttons,closed_toe,metadata_only_no_generated_plate
existing_outfit_114,"A dark green waterproof jacket, black cargo pants, and sturdy waterproof boots. He carries a small waterproof backpack.",metadata,0,0,1,male,casual|exploration|protective|travel,demi|rain,mild,protective,modern,city,hiking,protective_suit,boots,jacket|pants|boots,black|green,waterproof_fabric,,backpack,closed_toe|waterproof,metadata_only_no_generated_plate
existing_outfit_115,A comfortable navy blue long-sleeved top and dark grey trousers.,metadata,0,0,1,male,casual|swim|travel,all_season,coastal|mild|underwater,casual,modern,beach|city|coast|underwater,diving|swimming,separates,unspecified_footwear,shirt|pants,gray|blue,,,,,metadata_only_no_generated_plate
existing_outfit_116,"A striped t-shirt, white linen pants, and comfortable sandals.",metadata,0,0,1,female,casual,summer,mild,casual,modern,city,,separates,sandals,shirt|pants|sandals,white|brown,cotton,striped,,open_toe,metadata_only_no_generated_plate
existing_outfit_117,"A bright pink waterproof jacket, black leggings, and sturdy waterproof boots. She carries a small waterproof backpack.",metadata,0,0,1,female,casual|exploration|protective|travel,demi|rain,mild,protective,modern,city,hiking,protective_suit,boots,jacket|pants|boots,black|pink,waterproof_fabric,,backpack,closed_toe|waterproof,metadata_only_no_generated_plate
existing_outfit_118,A comfortable light green long-sleeved top and grey leggings.,metadata,0,0,1,female,casual|swim|travel,demi,coastal|mild|underwater,casual,modern,beach|city|coast|underwater,diving|swimming,separates,unspecified_footwear,shirt|pants,gray|green,,,,,metadata_only_no_generated_plate
existing_outfit_119,"A smart navy blazer over a white blouse, a knee-length grey skirt, and low-heeled black shoes.",metadata,0,0,1,female,casual|official,all_season,mild,smart_casual,modern,city|museum,investigating,skirt_set,formal_shoes,shirt|skirt,black|white|gray|blue,,,,closed_toe,metadata_only_no_generated_plate
existing_outfit_120,"natural appearance, wearing a small brown leather-like pouch on a thin strap across his chest.",metadata,0,0,1,unisex,casual,all_season,mild,casual,modern,city,,separates,unspecified_footwear,,brown,leather_like,,satchel,,metadata_only_no_generated_plate|mixed_with_identity_or_natural_appearance
existing_outfit_121,"A navy blue fisherman's sweater, sturdy brown trousers, and dark leather shoes.",metadata,0,0,1,male,casual,demi,mild,casual,modern,city,,separates,formal_shoes,sweater|pants,blue|brown,wool|leather_like,,,closed_toe,metadata_only_no_generated_plate
existing_outfit_122,"dark wool coat, scarf, sturdy boots, simple trousers, round glasses",metadata,0,0,1,unisex,casual|protective|school,snow|winter,cold|mild,casual,modern,city|school,,separates,boots,jacket|pants|boots,,wool,,scarf,closed_toe|insulated|warm,metadata_only_no_generated_plate
existing_outfit_123,Purple panama hat with a bright blue bow ribbon,metadata,0,0,1,unisex,casual,all_season,mild,casual,modern,city,,separates,unspecified_footwear,,blue|purple,,,hat,,metadata_only_no_generated_plate
existing_outfit_124,A bright red adult life vest over a dark blue swimsuit.,metadata,0,0,1,female,casual|swim|travel,summer,coastal|mild,protective,modern,beach|city|coast,kayaking|swimming,protective_suit|swimwear,unspecified_footwear,vest|swimwear,blue|red,,,life_vest,,metadata_only_no_generated_plate
existing_outfit_125,"light blue short-sleeve T-shirt, tan shorts, white ankle socks, gray sneakers",metadata,0,0,1,unisex,casual,summer,mild,casual,modern,city,,separates,sneakers,shirt|shorts|sneakers,white|gray|blue|brown,cotton,,,closed_toe,metadata_only_no_generated_plate
existing_outfit_126,"Long-sleeve mustard-yellow sweater with a small stitched star patch on the chest, knee-length denim skirt, thick navy tights, brown ankle boots with rubber soles",metadata,0,0,1,female,casual,demi,mild,casual,modern,city,,skirt_set,hiking_boots,sweater|skirt|boots,blue|yellow|brown,denim|wool|rubber,star_print,patch,closed_toe,metadata_only_no_generated_plate
existing_outfit_127,"sleek dark gray short jacket with angular seams, bright neon-lime T-shirt, slim black pants, white chunky sneakers, thin metallic wristband",metadata,0,0,1,unisex,casual|swim|travel,demi,coastal|mild,casual,modern,beach|city|coast|harbor|ship,sailing|swimming,separates,sneakers,jacket|shirt|pants|sneakers,black|white|gray,cotton|metallic_fabric,,wrist_device,closed_toe,metadata_only_no_generated_plate
existing_outfit_128,"oversized teal hoodie with a front pocket, light gray shorts over dark leggings, bright orange sneakers",metadata,0,0,1,unisex,casual,demi|summer,mild,casual,modern,city,,separates,sneakers,hoodie|pants|shorts|sneakers,gray|blue|orange,,,hood|pockets,closed_toe,metadata_only_no_generated_plate
existing_outfit_129,"high-collar purple jacket, black tapered pants, dark boots, small crossbody sling bag",metadata,0,0,1,unisex,casual,demi,mild,casual,modern,city,,separates,boots,jacket|pants|boots,black|purple,,,satchel,closed_toe,metadata_only_no_generated_plate
existing_outfit_130,"long sand-colored coat with a wide belt, dark trousers, sturdy brown boots, simple gloves, shoulder strap for a lantern",metadata,0,0,1,unisex,casual|exploration|protective,snow|winter,cold|desert|hot|mild,casual,modern,city|desert,hiking,protective_suit,boots,jacket|pants|boots,brown,,,belt|gloves,closed_toe|gloves_required|insulated|warm,metadata_only_no_generated_plate
existing_outfit_131,"Mustard-yellow hoodie, denim jeans, white sneakers, small dark-blue backpack worn on both shoulders",metadata,0,0,1,unisex,casual|exploration|travel,demi,mild,casual,modern,city,hiking,separates,sneakers,hoodie|pants|sneakers,white|blue|yellow,denim,,hood|backpack,closed_toe,metadata_only_no_generated_plate
existing_outfit_132,"A royal-event organizer outfit: a deep purple long-sleeve dress with a fitted bodice, a cream apron tied at the waist, comfortable dark flats, and a simple gold bracelet.",metadata,0,0,1,female,casual,all_season,mild,casual,modern,city,,dress,unspecified_footwear,dress,white|yellow|purple,,,,,metadata_only_no_generated_plate
existing_outfit_133,"A neat work outfit: a white button-up shirt with rolled sleeves, a dark teal vest, brown trousers, sturdy black shoes, and a thin leather belt with a small pouch.",metadata,0,0,1,female,casual|official|work,all_season,mild,smart_casual,modern,city,repairing,separates,formal_shoes,shirt|vest|pants,black|white|blue|brown,cotton|leather_like,,belt|satchel|buttons,closed_toe,metadata_only_no_generated_plate
existing_outfit_134,"soft knit cardigan, simple blouse, ankle-length skirt, indoor slippers, small stud earrings",metadata,0,0,1,female,casual,demi|indoor,mild,casual,modern,city|home,,skirt_set,slippers,sweater|shirt|skirt|slippers,,wool,,,,metadata_only_no_generated_plate
existing_outfit_135,"Silver training armor over a blue tunic, brown leather boots, and a small belt pouch.",metadata,0,0,1,female,casual|historical|protective,demi|rain,mild,protective,medieval|modern,castle|city,,armor_inspired|protective_suit,boots,tunic|armor|boots,gray|blue|brown,metallic_fabric|leather_like,,belt|satchel,closed_toe|waterproof,metadata_only_no_generated_plate
existing_outfit_136,"simple squire tunic, belt, short cape, leggings, soft boots, small satchel",metadata,0,0,1,unisex,casual|exploration|historical|travel,demi,mild,casual,medieval|modern,castle|city,hiking,separates,boots,tunic|pants|boots,,canvas,,belt|satchel|hat,closed_toe,metadata_only_no_generated_plate
existing_outfit_137,"knight surcoat over light armor, gloves, tall boots, small shield strap, travel cloak",metadata,0,0,1,male,casual|historical|protective,snow|winter,cold|mild,protective,medieval|modern,castle|city,,armor_inspired|protective_suit,boots,jacket|armor|boots,,metallic_fabric,,gloves,closed_toe|gloves_required|insulated|warm,metadata_only_no_generated_plate
existing_outfit_138,"long medieval dress, fitted bodice, light shawl, flat shoes, small pouch",metadata,0,0,1,female,casual,all_season,mild|space_eva,casual,modern,city,spacewalk,dress|spacesuit,formal_shoes,dress,,,,satchel,closed_toe,metadata_only_no_generated_plate
existing_outfit_139,"traveling cloak, patched vest, linen shirt, trousers, sturdy shoes, puppet case bag, soft cap",metadata,0,0,1,unisex,casual,all_season,mild,casual,modern,city,,separates,formal_shoes,shirt|vest|pants,,cotton,,hat|patch,closed_toe,metadata_only_no_generated_plate
existing_outfit_140,"Bright yellow denim overalls over a striped long-sleeve shirt, sturdy brown boots, and a small tool belt.",metadata,0,0,1,female,casual|work,demi,mild,casual,modern,city,repairing,coveralls,boots,shirt|pants|overalls|boots,yellow|brown,cotton|denim,striped,belt,closed_toe,metadata_only_no_generated_plate
existing_outfit_141,A lightweight turquoise tunic with a small orange safety vest and matching shorts.,metadata,0,0,1,unisex,casual|historical,summer,mild,casual,medieval|modern,castle|city,,separates,unspecified_footwear,tunic|vest|shorts,blue|orange,,,life_vest,,metadata_only_no_generated_plate
existing_outfit_142,Natural fur appearance with tiny protective aviator goggles perched on his forehead.,metadata,0,0,1,unisex,casual|science_lab,all_season,mild,protective,modern,city|lab,experimenting,protective_suit,unspecified_footwear,,,,,goggles,helmet_or_eye_protection,metadata_only_no_generated_plate
existing_outfit_143,A flowing gown made of soft lavender fabric with a shimmering silver shawl draped over her shoulders.,metadata,0,0,1,unisex,casual,all_season,mild,casual,modern,city,,dress,unspecified_footwear,dress,gray|purple,metallic_fabric,,,,metadata_only_no_generated_plate
existing_outfit_144,"Long hooded cloak in muted deep green-gray, simple neck cord, dark gloves, plain travel boots",metadata,0,0,1,unisex,casual|protective,snow|winter,cold|mild,casual,modern,city,,protective_suit,boots,boots,gray|green,,,hood|gloves,closed_toe|gloves_required|insulated|warm,metadata_only_no_generated_plate
existing_outfit_145,"Sleek dark pilot jumpsuit with a high zip collar, silver piping seams, short cropped jacket panel at shoulders, narrow utility belt, black boots with glossy toe caps, single wrist comm cuff",metadata,0,0,1,unisex,casual|sci_fi|space|swim|travel|work,demi,coastal|mild|space_controlled,casual,future|modern,beach|city|coast|harbor|ship|space_station,repairing|sailing|swimming,jumpsuit,boots,jacket|pants|jumpsuit|boots,black|gray,metallic_fabric,,pockets|belt|hat|wrist_device,closed_toe,metadata_only_no_generated_plate
existing_outfit_146,"A yellow sun hat, a green explorer vest with many pockets, brown shorts, and sturdy hiking boots.",metadata,0,0,1,female,casual|exploration|historical|travel,demi|summer,desert|hot|mild,costume,medieval|modern,castle|city|desert,hiking,separates,hiking_boots,vest|shorts|boots,green|yellow|brown,,,pockets|hat,closed_toe,metadata_only_no_generated_plate
existing_outfit_147,"cream knit sweater vest over a light blue button-up shirt, dark brown trousers, soft black house shoes, thin lanyard with a small ID card",metadata,0,0,1,unisex,casual|official,demi,mild,smart_casual,modern,city,,separates,formal_shoes,sweater|shirt|vest|pants,black|white|blue|brown,cotton|wool,,buttons,closed_toe,metadata_only_no_generated_plate
existing_outfit_148,"simple tunic, short cape, belt pouch, soft boots",metadata,0,0,1,unisex,casual|historical,demi,mild,casual,medieval|modern,castle|city,,separates,boots,tunic|boots,,,,belt|satchel|hat,closed_toe,metadata_only_no_generated_plate
existing_outfit_149,"light armor, travel cloak, leather gloves, sturdy boots, small shield",metadata,0,0,1,male,casual|historical|protective,snow|winter,cold|mild,protective,medieval|modern,castle|city,,armor_inspired|protective_suit,boots,armor|boots,brown,metallic_fabric|leather_like,,gloves,closed_toe|gloves_required|insulated|warm,metadata_only_no_generated_plate
existing_outfit_150,"long dress, warm shawl, flat shoes, small satchel",metadata,0,0,1,female,casual|exploration|travel,all_season,mild,casual,modern,city,hiking,dress,formal_shoes,dress,,canvas,,satchel,closed_toe,metadata_only_no_generated_plate
existing_outfit_151,"patchwork performer coat, brimmed cap, scarf, boots, puppet case strap",metadata,0,0,1,unisex,casual|protective|work,snow|winter,cold|mild,casual,modern,city,repairing,separates,boots,jacket|boots,,wool,,scarf|hat|patch,closed_toe|insulated|warm,metadata_only_no_generated_plate
existing_outfit_152,"Faded navy parka with fur-trimmed hood, thick gray scarf, brown mittens, dark wool pants, sturdy dark boots, worn leather satchel worn crossbody.",metadata,0,0,1,unisex,casual|exploration|protective|swim|travel,snow|winter,arctic|coastal|cold|mild,casual,modern,arctic|beach|city|coast|harbor|ship,hiking|sailing|swimming,separates,boots,jacket|parka|pants|boots,gray|blue|brown,wool|canvas|leather_like,,hood|satchel|scarf,closed_toe|insulated|warm,metadata_only_no_generated_plate
existing_outfit_153,"tan safari vest with many pockets, matching shorts, and sturdy brown hiking boots",metadata,0,0,1,female,casual|exploration|historical|travel,demi|summer,desert|hot|mild|tropical,costume,medieval|modern,castle|city|desert|jungle,hiking,separates,hiking_boots,vest|shorts|boots,brown,,,pockets,closed_toe,metadata_only_no_generated_plate
existing_outfit_154,"A leather falconer's tunic, brown trousers, sturdy boots, and a thick protective glove on her left hand.",metadata,0,0,1,female,casual|historical,demi,mild,casual,medieval|modern,castle|city,,separates,boots,tunic|pants|boots,brown,leather_like,,gloves,closed_toe,metadata_only_no_generated_plate
existing_outfit_155,"A bright blue knight's tabard with a silver crest, white leggings, and soft brown leather boots.",metadata,0,0,1,male,casual|historical,demi,mild,casual,medieval|modern,castle|city,,separates,boots,pants|boots,white|gray|blue|brown,metallic_fabric|leather_like,,,closed_toe,metadata_only_no_generated_plate
existing_outfit_156,"Floral bomber jacket (quilted, pastel flower print) over a warm sweater, knitted winter beanie, insulated leggings, sturdy sneakers with thicker soles, small backpack with simple straps",metadata,0,0,1,female,casual|exploration|protective|travel,snow|winter,arctic|cold|mild,protective,modern,arctic|city,hiking,protective_suit,sneakers,jacket|sweater|pants|sneakers,,wool,floral,backpack|hat,closed_toe|insulated|warm,metadata_only_no_generated_plate
existing_outfit_157,purple panama hat with a light blue bow (worn on head); natural appearance otherwise,metadata,0,0,1,unisex,casual,all_season,mild,casual,modern,city,,separates,unspecified_footwear,,blue|purple,,,hat,,metadata_only_no_generated_plate|mixed_with_identity_or_natural_appearance
existing_outfit_158,"light beige field jacket, olive cargo pants, dark rubber-soled deck shoes, simple wristwatch",metadata,0,0,1,female,casual|exploration|swim|travel,demi,coastal|hot|mild|tropical,casual,modern,beach|city|coast|harbor|jungle|ship,hiking|sailing|swimming,separates,deck_shoes,jacket|pants|deck_shoes,green|brown,rubber,,wrist_device,closed_toe,metadata_only_no_generated_plate
existing_outfit_159,"light beige knit cardigan over a white shirt, soft gray trousers, brown house slippers, a muted plaid wool blanket draped over his shoulders",metadata,0,0,1,male,casual,demi|indoor,mild,casual,modern,city|home,,separates,slippers,sweater|shirt|pants|slippers,white|gray|brown,cotton|wool,plaid,,,metadata_only_no_generated_plate
existing_outfit_160,"warm puffy coat, knitted scarf, insulated gloves, thick leggings, winter boots, small backpack worn on both shoulders",metadata,0,0,1,female,casual|exploration|protective|travel,snow|winter,cold|mild,protective,modern,city,hiking,protective_suit,winter_boots,jacket|parka|pants|boots,,wool,,backpack|scarf|gloves,closed_toe|gloves_required|insulated|warm,metadata_only_no_generated_plate
existing_outfit_161,"A tan safari vest with many pockets, dark green cargo pants, and sturdy brown hiking boots.",metadata,0,0,1,female,casual|exploration|historical|travel,demi,desert|hot|mild|tropical,costume,medieval|modern,castle|city|desert|jungle,hiking,separates,hiking_boots,vest|pants|boots,green|brown,,,pockets,closed_toe,metadata_only_no_generated_plate
existing_outfit_162,"Forest-green hooded jacket with simple stitched seams, light beige shirt, dark brown shorts, knee-high gray socks, sturdy black lace-up shoes, small canvas crossbody satchel.",metadata,0,0,1,unisex,casual|exploration|swim|travel,demi|summer,coastal|mild,casual,modern,beach|city|coast|harbor|ship,hiking|sailing|swimming,separates,hiking_boots,jacket|shirt|shorts,black|gray|green|brown,cotton|canvas,,hood|satchel,closed_toe,metadata_only_no_generated_plate
existing_outfit_163,"Yellow hooded raincoat, blue denim trousers, and red rubber boots.",metadata,0,0,1,female,casual|protective,demi|rain,mild,casual,modern,city,,protective_suit,rain_boots,jacket|raincoat|pants|boots,blue|yellow|red,denim|waterproof_fabric|rubber,,hood,closed_toe|waterproof,metadata_only_no_generated_plate
existing_outfit_164,"A light blue summer tunic with white embroidery and short sleeves, suitable for the beach.",metadata,0,0,1,female,casual|historical|swim|travel,summer,coastal|mild,casual,medieval|modern,beach|castle|city|coast,swimming,separates,unspecified_footwear,tunic,white|blue,,embroidered,,,metadata_only_no_generated_plate
